store_id,item_id,ma_mape,sn_mape
STORE_01,ITEM_001,38.373550904952005,21.62215757979607
